Test Scores,Engagement Level,Motivation Scores,Homework Completion,Participation Rate,Style_Auditory,Style_Read/WriteKinesthetic,Style_Visual
83.92767519144473,0.9724449250464272,46.74882139168111,0.649225448625387,0.9664956970870315,True,False,False
99.09558600101064,0.7074947011256769,77.14360269216641,0.9028275650030242,0.44678050099268596,True,False,False
67.21401270083769,0.6351141205740806,80.07250173891664,0.7020355423578222,0.306027833464373,False,False,True
88.82079084502371,0.5508309303426397,83.670490082558,0.7088256263477407,0.9072299186952175,False,True,False
95.93980013893042,0.7199849990046499,88.42390925955668,0.5345060435899861,0.9320689908167983,False,False,True
82.04561981696122,0.45038812426448316,91.35726662755211,0.6330514465852779,0.5750531225263297,True,False,False
52.398918942901545,0.7308420841288465,50.767407474550794,0.9562053601252735,0.5060241872893234,True,False,False
53.88357070233146,0.6132139836273245,69.8604991017785,0.9937303787111038,0.6773675614896796,False,True,False
77.52124382182504,0.5254040875451513,87.1063647124612,0.5763718627355288,0.8361026894168111,False,False,True
86.72373940086905,0.849945326841488,65.64409953962834,0.7145015072647227,0.39673653153602256,False,False,True
86.40371545367648,0.40727484076656184,90.1294796428091,0.70691439724615,0.9502698032994639,False,True,False
73.1521285406895,0.6609374159979735,92.73960929229078,0.6638237459602487,0.4927669842107713,False,False,True
83.71973156951339,0.830932527413782,84.93324649386776,0.5144600855797388,0.8782394395077633,True,False,False
52.45368197612953,0.8411548375371625,48.72333988017874,0.5034000632150919,0.7016079270172593,True,False,False
54.76505188322967,0.7543439587658518,78.94658025282394,0.8744080048340199,0.46108018669403505,True,False,False
87.59458121879491,0.8651572989637359,80.21497056448132,0.9931443504854671,0.3100111754424784,False,False,True
51.519223051229154,0.8646361090972505,78.99242768722192,0.6684531716221882,0.6539675872184267,False,False,True
93.85855276870973,0.4831190162003816,42.959872617772476,0.905242657036223,0.4649282546118237,True,False,False
59.17906767442239,0.786705384746226,50.577368228238,0.8640357503581604,0.49471050031256586,True,False,False
87.96102646784925,0.7334148020982629,81.19026311719206,0.529683996470001,0.5185450576578233,True,False,False
68.54865662049204,0.7438483976934853,70.85541609011474,0.875698252021579,0.5227270816597572,False,True,False
83.92757404581204,0.5197002293891377,95.50782287551988,0.9777141570650221,0.9621945838030128,True,False,False
56.70897166072276,0.83487714106253,76.98107672672748,0.8711620532283992,0.362601445859461,False,True,False
87.32734422513967,0.7914794318247436,95.0924194815758,0.6718709424544331,0.8384182541958152,False,False,True
61.09462499692157,0.4447110780572995,56.21233940556909,0.7309132696158442,0.46461116620483345,False,True,False
91.38979541019812,0.996682659513419,92.56542566534263,0.7236292936120641,0.48634453204507744,False,True,False
64.94530086410208,0.9269941973508481,58.694047530061965,0.8374325823455435,0.39825130431605005,False,True,False
68.68274896641766,0.55569656548735,59.72235723819673,0.8876527279950458,0.5162606314157692,False,True,False
79.96317258311376,0.8592096701821812,50.825171162039695,0.9260043146939864,0.4830710889151294,True,False,False
96.22285970923215,0.8321659906117025,66.70775805802907,0.6891485054342401,0.38860226507289886,False,True,False
85.33955012037589,0.7814149774617156,69.30577912186929,0.8965705152318086,0.3312636114140839,False,True,False
94.90814818910567,0.6119546192935172,80.32880010936265,0.5621098008989212,0.5911402949850824,False,False,True
82.10161686609304,0.4025635586406326,58.463805096887214,0.8275507419411872,0.7967799738150313,False,False,True
97.19951108584576,0.8578248100242527,80.44997060105644,0.8590239230327504,0.9863965026970345,False,True,False
53.219415919170224,0.9975558203016873,93.64779734659724,0.505442363831268,0.5696385124150872,False,True,False
65.53725467409053,0.9340724581289752,74.35489173942736,0.6708015153853754,0.8282227554901256,True,False,False
62.52505860675415,0.9180906017461573,47.04612964991521,0.8374372282598112,0.9778832148224919,True,False,False
88.18350860737712,0.4752174932669997,45.90601576153763,0.8740420761363946,0.6634413799589969,True,False,False
71.01175824554336,0.42908649415482236,89.42977031612963,0.8031581868422499,0.41906626683438986,False,True,False
69.68396846498972,0.7781671607724782,58.33179818216874,0.5632477081641256,0.36412586249510037,False,False,True
88.2469469753548,0.42303549989410777,94.40072627514141,0.5093289519069149,0.5756837933129929,False,False,True
52.29635070922461,0.49284678364811785,94.18664693435323,0.5001287179940272,0.6586656068909782,True,False,False
51.63826430966136,0.5486571207821269,87.63535131022935,0.945220543748029,0.6347717781906104,False,True,False
54.70456350206486,0.6769307757150342,97.39723448638344,0.5672174327542308,0.5534265695510616,False,False,True
96.25541610826474,0.7049769451790131,66.79100460630471,0.688134955556334,0.4438329473048632,False,True,False
69.73866617783261,0.594993837006283,54.71866672073248,0.823815068378448,0.7340826963919942,True,False,False
68.35338192009934,0.4676484172294962,97.44346505217568,0.802894276279043,0.4137200347946669,False,False,True
82.94038793499449,0.7477039638204367,74.36297192362528,0.8529575648627309,0.6825981345803833,True,False,False
58.82965507445045,0.9971346111772716,84.56350552936354,0.8891108714579863,0.3468639377385271,False,False,True
71.24257636533656,0.9793926731757617,84.03540517612582,0.7898114308886373,0.6002389670079396,False,False,True
74.91138113655441,0.8480826062526892,56.25531693103535,0.860950432063627,0.33284108781748856,False,False,True
76.66301874868611,0.9469207945812526,60.62376052321908,0.7228020268363219,0.8503315728120511,False,True,False
59.00753495364654,0.6843404570116218,54.97828118251089,0.5992346779406521,0.9841453466443335,False,True,False
73.88542825347953,0.6441301702820922,78.9353931581251,0.745747386106886,0.5470706840306956,False,False,True
87.6450649406574,0.6296576200459665,48.83120821913259,0.7051337382936516,0.7580449964006668,False,False,True
77.02988554399454,0.676122371303454,91.49939467397988,0.5703613308164057,0.579157981794993,False,True,False
63.760488212660015,0.7968816987873157,55.37212866566463,0.524509191034741,0.950156034287212,False,False,True
75.77635013199809,0.8488098382962299,92.82406403537108,0.9737611609590311,0.8734882710203051,True,False,False
64.71358299056871,0.6802509019663555,40.85606729697608,0.5849427896664492,0.48134283121678834,False,True,False
59.507335271197825,0.9140507484880539,62.71581645323678,0.8494037795020972,0.6207806023295807,False,False,True
68.43407614056225,0.5091168619995958,73.05341089809599,0.7070002521173588,0.852228573936592,False,False,True
75.15435986504859,0.7498180051239626,49.82126227800371,0.8335524476349865,0.9782056909316523,False,True,False
67.19886651871875,0.5068163064287822,94.12194077423484,0.8478891545848659,0.5225996719762294,False,True,False
58.81681643821054,0.7261145521793642,52.82075408692691,0.8107603199898723,0.5614143368879531,False,False,True
50.85468352767272,0.5725042504139999,84.1977722794436,0.9371580238331327,0.44330392356850795,True,False,False
68.89269489498963,0.9714761851636929,80.38494117096386,0.9384624369353252,0.41579866962525514,False,False,True
85.2827528240935,0.4327338574715259,82.45029963351962,0.6816962159019655,0.9946968994902978,False,True,False
61.197596429895675,0.7012033542644642,89.54131797338005,0.567416131794132,0.5366955557877627,True,False,False
63.71274119487805,0.8145456903560153,72.76980710816869,0.9066337739821865,0.7138045739253298,False,True,False
73.90512357068829,0.8920979526679842,48.51539575113896,0.7575402212574475,0.40230135672018813,False,True,False
60.14291191766915,0.9934688917719493,80.96438871762737,0.7068824969759161,0.9380731258473398,False,False,True
50.51968501311702,0.6887872431524016,44.23092568526123,0.5768880318664806,0.6004907682557588,False,False,True
92.8805184080035,0.5572294065052361,80.2306002991148,0.769488847177827,0.8941147998262564,False,True,False
50.520125700320776,0.565736391756583,88.96232408696164,0.6296728300145904,0.6747865547182539,True,False,False
97.56016736826089,0.5086027049725655,78.43739018308275,0.7340394208629255,0.33049255077807055,False,True,False
88.62762984404245,0.4900190458156193,46.10297999422688,0.5748041096470822,0.6306334167966772,True,False,False
90.27324737153378,0.9736053882163062,91.40591736237567,0.8553657206596832,0.9949115200887839,True,False,False
63.6875641385589,0.5460869145482696,86.5783762391936,0.9024260651977927,0.8776514040656458,False,False,True
55.484843500259586,0.5512408789366138,66.52993358234895,0.857946593573524,0.8583784945691615,False,True,False
61.111931230577596,0.9233392160803872,95.88781308052658,0.5975420678608193,0.8487833793118458,False,False,True
56.87646889386213,0.42788352620897874,62.11585902568807,0.5279121918286402,0.8185503832893377,True,False,False
51.3096681593069,0.423582001098495,81.35944404278646,0.7657147667111288,0.8893754295528837,False,False,True
77.84938782126001,0.6296505447563215,78.09453598657666,0.9441255219043141,0.8266706836593574,False,False,True
63.23077138720485,0.9152532578389084,89.01386700403744,0.879506382490834,0.9228855690492612,False,True,False
93.95055489162911,0.7632391723458896,51.730409795911555,0.9260314457929928,0.8137165402769737,False,True,False
51.637203632767566,0.9282751922313875,93.70986302049214,0.5252546027859577,0.5802729085373521,False,False,True
84.01653649905006,0.8835182218141604,72.25024546793915,0.8409742339015934,0.42217915079515506,False,True,False
96.80682007985756,0.7196628817533692,54.911031917879214,0.8537868104980646,0.9985713437936057,False,True,False
60.79448731506883,0.7034915897348362,64.76469230661715,0.5920840492866395,0.8230694490562298,False,True,False
97.30515260119043,0.6828119159434343,77.98729905280146,0.8388740127246183,0.5735120078580921,False,False,True
69.47363047153002,0.6557168952850879,56.03801602107151,0.7677184773598574,0.961955018062782,False,True,False
90.26055787740547,0.5196715421983265,70.74086365923492,0.9438171874332175,0.7669329398304927,False,True,False
52.69583174150882,0.9333355420451106,76.86015632284528,0.8694732633981963,0.9315051693978116,True,False,False
56.620193198430414,0.4462364997854554,76.15994108378956,0.9116091707095972,0.3782795024284682,False,False,True
54.01894135929452,0.8400978770240423,97.80203657591056,0.7229383449528815,0.5282531260420547,False,True,False
64.99360599838673,0.5531709593508846,48.80037548141458,0.9001843101619678,0.5399310142068331,False,True,False
97.93380863793277,0.40725370037947745,60.91726247786758,0.5035357479355261,0.7548703762928626,False,True,False
67.41110897139575,0.5445499914315999,83.1694656052417,0.6988486311904494,0.5302338937005282,False,True,False
92.69327359745925,0.8276938922406177,58.99311147974835,0.8098134670338537,0.7468530075025073,False,False,True
74.58773895142492,0.5420014658713642,96.61056094325335,0.7679175290578524,0.9677592589568356,True,False,False
